-- phpMyAdmin SQL Dump
-- version 5.1.1
-- https://www.phpmyadmin.net/
--
-- Host: 127.0.0.1
-- Generation Time: Mar 27, 2023 at 06:25 PM
-- Server version: 10.4.22-MariaDB
-- PHP Version: 8.0.13

SET SQL_MODE = "NO_AUTO_VALUE_ON_ZERO";
START TRANSACTION;
SET time_zone = "+00:00";


/*!40101 SET @OLD_CHARACTER_SET_CLIENT=@@CHARACTER_SET_CLIENT */;
/*!40101 SET @OLD_CHARACTER_SET_RESULTS=@@CHARACTER_SET_RESULTS */;
/*!40101 SET @OLD_COLLATION_CONNECTION=@@COLLATION_CONNECTION */;
/*!40101 SET NAMES utf8mb4 */;

--
-- Database: `quizapplication_db`
--

-- --------------------------------------------------------

--
-- Table structure for table `quiz_options`
--

CREATE TABLE `quiz_options` (
  `id` int(11) NOT NULL,
  `IsPrimary` int(11) NOT NULL,
  `question_Id` int(11) NOT NULL,
  `creationTime` timestamp NOT NULL DEFAULT current_timestamp(),
  `optionName` varchar(50) NOT NULL
) ENGINE=InnoDB DEFAULT CHARSET=utf8mb4;

--
-- Dumping data for table `quiz_options`
--

INSERT INTO `quiz_options` (`id`, `IsPrimary`, `question_Id`, `creationTime`, `optionName`) VALUES
(1, 0, 1, '2023-03-26 18:18:58', 'Options-01-01'),
(2, 0, 1, '2023-03-26 18:18:58', 'Options-01-02'),
(3, 0, 1, '2023-03-26 18:18:58', 'Options-01-03'),
(4, 1, 1, '2023-03-26 18:18:58', 'Options-01-04'),
(5, 0, 2, '2023-03-26 18:18:58', 'Options-02-01'),
(6, 1, 2, '2023-03-26 18:18:58', 'Options-02-02'),
(7, 0, 2, '2023-03-26 18:18:58', 'Options-02-03'),
(8, 0, 2, '2023-03-26 18:18:58', 'Options-02-04'),
(9, 1, 3, '2023-03-26 18:18:58', 'Options-03-01'),
(10, 0, 3, '2023-03-26 18:18:58', 'Options-03-02'),
(11, 0, 3, '2023-03-26 18:18:58', 'Options-03-03'),
(12, 0, 3, '2023-03-26 18:18:58', 'Options-03-04'),
(13, 0, 4, '2023-03-26 18:18:58', 'Options-04-01'),
(14, 0, 4, '2023-03-26 18:18:58', 'Options-04-02'),
(15, 1, 4, '2023-03-26 18:18:58', 'Options-04-03'),
(16, 0, 4, '2023-03-26 18:18:58', 'Options-04-04'),
(17, 0, 5, '2023-03-26 18:18:58', 'Options-05-01'),
(18, 0, 5, '2023-03-26 18:18:58', 'Options-05-02'),
(19, 0, 5, '2023-03-26 18:18:58', 'Options-05-03'),
(20, 1, 5, '2023-03-26 18:18:58', 'Options-05-04'),
(21, 0, 6, '2023-03-26 18:18:58', 'Options-06-01'),
(22, 0, 6, '2023-03-26 18:18:58', 'Options-06-02'),
(23, 0, 6, '2023-03-26 18:18:58', 'Options-06-03'),
(24, 1, 6, '2023-03-26 18:18:58', 'Options-06-04'),
(25, 0, 7, '2023-03-26 18:18:58', 'Options-07-01'),
(26, 0, 7, '2023-03-26 18:18:58', 'Options-07-02'),
(27, 1, 7, '2023-03-26 18:18:58', 'Options-07-03'),
(28, 0, 7, '2023-03-26 18:18:58', 'Options-07-04'),
(29, 0, 8, '2023-03-26 18:18:58', 'Options-08-01'),
(30, 1, 8, '2023-03-26 18:18:58', 'Options-08-02'),
(31, 0, 8, '2023-03-26 18:18:58', 'Options-08-03'),
(32, 0, 8, '2023-03-26 18:18:58', 'Options-08-04'),
(33, 0, 9, '2023-03-26 18:18:58', 'Options-09-01'),
(34, 1, 9, '2023-03-26 18:18:58', 'Options-09-02'),
(35, 0, 9, '2023-03-26 18:18:58', 'Options-09-03'),
(36, 0, 9, '2023-03-26 18:18:58', 'Options-09-04'),
(37, 1, 10, '2023-03-26 18:18:58', 'Options-10-01'),
(38, 0, 10, '2023-03-26 18:18:58', 'Options-10-02'),
(39, 0, 10, '2023-03-26 18:18:58', 'Options-10-03'),
(40, 0, 10, '2023-03-26 18:18:58', 'Options-10-04'),
(41, 1, 11, '2023-03-26 18:18:58', 'Options-11-01'),
(42, 0, 11, '2023-03-26 18:18:58', 'Options-11-02'),
(43, 0, 11, '2023-03-26 18:18:58', 'Options-11-03'),
(44, 0, 11, '2023-03-26 18:18:58', 'Options-11-04'),
(45, 0, 12, '2023-03-26 18:18:58', 'Options-12-01'),
(46, 1, 12, '2023-03-26 18:18:58', 'Options-12-02'),
(47, 0, 12, '2023-03-26 18:18:58', 'Options-12-03'),
(48, 0, 12, '2023-03-26 18:18:58', 'Options-12-04'),
(49, 0, 13, '2023-03-26 18:18:58', 'Options-13-01'),
(50, 0, 13, '2023-03-26 18:18:58', 'Options-13-02'),
(51, 0, 13, '2023-03-26 18:18:58', 'Options-13-03'),
(52, 1, 13, '2023-03-26 18:18:58', 'Options-13-04'),
(53, 0, 14, '2023-03-26 18:18:58', 'Options-14-01'),
(54, 0, 14, '2023-03-26 18:18:58', 'Options-14-02'),
(55, 0, 14, '2023-03-26 18:18:58', 'Options-14-03'),
(56, 1, 14, '2023-03-26 18:18:58', 'Options-14-04'),
(57, 0, 15, '2023-03-26 18:18:58', 'Options-15-01'),
(58, 0, 15, '2023-03-26 18:18:58', 'Options-15-02'),
(59, 0, 15, '2023-03-26 18:18:58', 'Options-15-03'),
(60, 1, 15, '2023-03-26 18:18:58', 'Options-15-04'),
(61, 0, 16, '2023-03-26 18:18:58', 'Options-16-01'),
(62, 1, 16, '2023-03-26 18:18:58', 'Options-16-02'),
(63, 0, 16, '2023-03-26 18:18:58', 'Options-16-03'),
(64, 0, 16, '2023-03-26 18:18:58', 'Options-16-04'),
(65, 0, 17, '2023-03-26 18:18:58', 'Options-17-01'),
(66, 0, 17, '2023-03-26 18:18:58', 'Options-17-02'),
(67, 0, 17, '2023-03-26 18:18:58', 'Options-17-03'),
(68, 1, 17, '2023-03-26 18:18:58', 'Options-17-04'),
(69, 0, 18, '2023-03-26 18:18:58', 'Options-18-01'),
(70, 0, 18, '2023-03-26 18:18:58', 'Options-18-02'),
(71, 0, 18, '2023-03-26 18:18:58', 'Options-18-03'),
(72, 1, 18, '2023-03-26 18:18:58', 'Options-18-04'),
(73, 0, 19, '2023-03-26 18:18:58', 'Options-19-01'),
(74, 0, 19, '2023-03-26 18:18:58', 'Options-19-02'),
(75, 0, 19, '2023-03-26 18:18:58', 'Options-19-03'),
(76, 1, 19, '2023-03-26 18:18:58', 'Options-19-04'),
(77, 0, 20, '2023-03-26 18:18:58', 'Options-20-01'),
(78, 0, 20, '2023-03-26 18:18:58', 'Options-20-02'),
(79, 1, 20, '2023-03-26 18:18:58', 'Options-20-03'),
(80, 0, 20, '2023-03-26 18:18:58', 'Options-20-04');

-- --------------------------------------------------------

--
-- Table structure for table `quiz_played`
--

CREATE TABLE `quiz_played` (
  `id` int(11) NOT NULL,
  `user_Id` int(11) NOT NULL,
  `creationTime` timestamp NOT NULL DEFAULT current_timestamp(),
  `endTime` timestamp NULL DEFAULT current_timestamp(),
  `isCompleted` tinyint(1) NOT NULL DEFAULT 0
) ENGINE=InnoDB DEFAULT CHARSET=utf8mb4;

--
-- Dumping data for table `quiz_played`
--

INSERT INTO `quiz_played` (`id`, `user_Id`, `creationTime`, `endTime`, `isCompleted`) VALUES
(1, 2, '2023-03-26 19:45:59', '2023-03-26 19:45:59', 0),
(2, 2, '2023-03-26 20:11:42', '2023-03-26 20:11:42', 0),
(3, 2, '2023-03-27 03:35:34', '2023-03-27 03:35:34', 0),
(4, 2, '2023-03-27 03:50:52', '2023-03-27 03:50:52', 0),
(5, 2, '2023-03-27 03:51:55', '2023-03-27 03:51:55', 0),
(6, 2, '2023-03-27 03:55:05', '2023-03-27 03:55:05', 0),
(7, 2, '2023-03-27 03:59:26', '2023-03-27 03:59:26', 0),
(8, 2, '2023-03-27 04:06:59', '2023-03-27 04:06:59', 0),
(9, 2, '2023-03-27 04:07:42', '2023-03-27 04:07:42', 0),
(10, 2, '2023-03-27 04:10:03', '2023-03-27 04:10:03', 0),
(11, 2, '2023-03-27 00:58:02', '2023-03-27 12:58:02', 0),
(12, 2, '2023-03-27 00:59:40', '2023-03-27 12:59:40', 0),
(13, 2, '2023-03-27 01:22:28', '2023-03-27 13:22:28', 0),
(14, 2, '2023-03-27 01:22:31', '2023-03-27 13:22:31', 0),
(15, 2, '2023-03-27 01:22:34', '2023-03-27 13:22:34', 0),
(16, 2, '2023-03-27 01:22:36', '2023-03-27 13:22:36', 0),
(17, 2, '2023-03-27 01:22:37', '2023-03-27 13:22:37', 0),
(18, 2, '2023-03-27 01:22:39', '2023-03-27 13:22:39', 0),
(19, 2, '2023-03-27 01:22:41', '2023-03-27 13:22:41', 0),
(20, 2, '2023-03-27 01:22:46', '2023-03-27 13:22:46', 0),
(21, 2, '2023-03-27 01:23:44', '2023-03-27 13:23:44', 0),
(22, 2, '2023-03-27 01:52:29', '2023-03-27 13:52:29', 0),
(23, 2, '2023-03-27 01:52:32', '2023-03-27 13:52:32', 0),
(24, 2, '2023-03-27 01:52:34', '2023-03-27 13:52:34', 0),
(25, 2, '2023-03-27 01:54:19', '2023-03-27 13:54:19', 0),
(26, 2, '2023-03-27 02:02:42', '2023-03-27 14:02:42', 0),
(27, 2, '2023-03-27 02:03:33', '2023-03-27 14:03:33', 0),
(28, 2, '2023-03-27 02:06:17', '2023-03-27 14:06:17', 0),
(29, 2, '2023-03-27 02:08:16', '2023-03-27 14:08:16', 0),
(30, 2, '2023-03-27 02:09:58', '2023-03-27 14:09:58', 0),
(31, 2, '2023-03-27 02:12:06', '2023-03-27 14:12:06', 0),
(32, 2, '2023-03-27 02:13:09', '2023-03-27 14:13:09', 0),
(33, 2, '2023-03-27 02:13:14', '2023-03-27 14:13:14', 0),
(34, 2, '2023-03-27 02:13:52', '2023-03-27 14:13:52', 0),
(35, 2, '2023-03-27 02:17:57', '2023-03-27 14:17:57', 0),
(36, 2, '2023-03-27 02:19:46', '2023-03-27 14:19:46', 0),
(37, 2, '2023-03-27 02:36:37', '2023-03-27 14:36:37', 0),
(38, 2, '2023-03-27 02:39:35', '2023-03-27 14:39:35', 0),
(39, 2, '2023-03-27 02:46:44', '2023-03-27 14:46:44', 0),
(40, 2, '2023-03-27 02:49:24', '2023-03-27 14:49:24', 0),
(41, 2, '2023-03-27 02:53:55', '2023-03-27 14:53:55', 0),
(42, 2, '2023-03-27 02:59:03', '2023-03-27 14:59:03', 0),
(43, 2, '2023-03-27 03:28:46', '2023-03-27 15:28:46', 0),
(44, 2, '2023-03-27 03:31:49', '2023-03-27 15:31:49', 0),
(45, 2, '2023-03-27 03:33:03', '2023-03-27 15:33:03', 0),
(46, 2, '2023-03-27 03:34:24', '2023-03-27 15:34:24', 0),
(47, 2, '2023-03-27 03:34:28', '2023-03-27 15:34:28', 0),
(48, 2, '2023-03-27 03:36:06', '2023-03-27 15:36:06', 0),
(49, 2, '2023-03-27 03:37:08', '2023-03-27 15:37:08', 0),
(50, 2, '2023-03-27 03:37:47', '2023-03-27 15:37:47', 0),
(51, 2, '2023-03-27 03:38:37', '2023-03-27 15:38:37', 0),
(52, 2, '2023-03-27 03:38:57', '2023-03-27 15:38:57', 0),
(53, 2, '2023-03-27 03:40:15', '2023-03-27 15:40:15', 0),
(54, 2, '2023-03-27 03:40:27', '2023-03-27 15:40:27', 0),
(55, 2, '2023-03-27 03:42:58', '2023-03-27 15:42:58', 0),
(56, 2, '2023-03-27 03:43:21', '2023-03-27 15:43:21', 0),
(57, 2, '2023-03-27 03:44:02', '2023-03-27 15:44:02', 0),
(58, 2, '2023-03-27 03:44:39', '2023-03-27 15:44:39', 0),
(59, 2, '2023-03-27 03:44:46', '2023-03-27 15:44:46', 0),
(60, 2, '2023-03-27 03:44:52', '2023-03-27 15:44:52', 0),
(61, 2, '2023-03-27 03:45:18', '2023-03-27 15:45:18', 0),
(62, 2, '2023-03-27 03:47:09', '2023-03-27 15:47:09', 0),
(63, 2, '2023-03-27 03:47:34', '2023-03-27 15:47:34', 0),
(64, 2, '2023-03-27 03:49:14', '2023-03-27 15:49:14', 0),
(65, 2, '2023-03-27 03:49:49', '2023-03-27 15:49:49', 0),
(66, 2, '2023-03-27 03:53:06', '2023-03-27 15:53:06', 0),
(67, 2, '2023-03-27 03:57:23', '2023-03-27 15:57:23', 0),
(68, 2, '2023-03-27 03:59:28', '2023-03-27 15:59:28', 0),
(69, 2, '2023-03-27 03:59:36', '2023-03-27 15:59:36', 0),
(70, 2, '2023-03-27 04:00:40', '2023-03-27 16:00:40', 0),
(71, 2, '2023-03-27 04:00:45', '2023-03-27 16:00:45', 0),
(72, 2, '2023-03-27 04:01:16', '2023-03-27 16:01:16', 0),
(73, 2, '2023-03-27 04:01:37', '2023-03-27 16:01:37', 0),
(74, 2, '2023-03-27 04:04:48', '2023-03-27 16:04:48', 0),
(75, 2, '2023-03-27 04:06:27', '2023-03-27 16:06:27', 0),
(76, 2, '2023-03-27 04:06:36', '2023-03-27 16:06:36', 0),
(77, 2, '2023-03-27 04:07:33', '2023-03-27 16:07:34', 0),
(78, 2, '2023-03-27 04:08:03', '2023-03-27 16:08:03', 0),
(79, 2, '2023-03-27 04:08:41', '2023-03-27 16:08:41', 0),
(80, 2, '2023-03-27 04:09:22', '2023-03-27 16:09:22', 0),
(81, 2, '2023-03-27 04:09:33', '2023-03-27 16:09:33', 0),
(82, 2, '2023-03-27 04:09:45', '2023-03-27 16:09:45', 0),
(83, 2, '2023-03-27 04:09:55', '2023-03-27 16:09:55', 0),
(84, 2, '2023-03-27 04:10:35', '2023-03-27 16:10:35', 0),
(85, 2, '2023-03-27 04:10:41', '2023-03-27 16:10:41', 0),
(86, 2, '2023-03-27 04:10:49', '2023-03-27 16:10:49', 0),
(87, 2, '2023-03-27 04:12:57', '2023-03-27 16:12:57', 0),
(88, 2, '2023-03-27 04:13:54', '2023-03-27 16:13:54', 0),
(89, 2, '2023-03-27 04:21:07', '2023-03-27 16:21:07', 0),
(90, 2, '2023-03-27 04:22:02', '2023-03-27 16:22:02', 0),
(91, 2, '2023-03-27 04:22:31', '2023-03-27 16:22:31', 0);

-- --------------------------------------------------------

--
-- Table structure for table `quiz_played_answered`
--

CREATE TABLE `quiz_played_answered` (
  `quiz_Id` int(11) NOT NULL,
  `answare_Id` int(11) NOT NULL,
  `creationTime` timestamp NOT NULL DEFAULT current_timestamp(),
  `question_id` int(11) NOT NULL,
  `id` int(11) NOT NULL
) ENGINE=InnoDB DEFAULT CHARSET=utf8mb4;

--
-- Dumping data for table `quiz_played_answered`
--

INSERT INTO `quiz_played_answered` (`quiz_Id`, `answare_Id`, `creationTime`, `question_id`, `id`) VALUES
(3, 2, '2023-03-27 03:35:37', 1, 21),
(3, 26, '2023-03-27 03:35:59', 7, 26),
(3, 54, '2023-03-27 03:36:22', 14, 27),
(3, 50, '2023-03-27 03:36:25', 13, 28),
(3, 74, '2023-03-27 03:36:28', 19, 29),
(3, 62, '2023-03-27 03:36:31', 16, 30),
(3, 70, '2023-03-27 03:36:35', 18, 31),
(3, 42, '2023-03-27 03:39:42', 11, 32),
(3, 30, '2023-03-27 03:40:04', 8, 33),
(3, 14, '2023-03-27 03:40:10', 4, 34),
(3, 6, '2023-03-27 03:40:14', 2, 35),
(3, 67, '2023-03-27 03:40:18', 17, 36),
(3, 11, '2023-03-27 03:40:24', 3, 37),
(3, 35, '2023-03-27 03:40:29', 9, 38),
(3, 47, '2023-03-27 03:40:34', 12, 39),
(3, 22, '2023-03-27 03:41:59', 6, 41),
(3, 38, '2023-03-27 03:45:33', 10, 42),
(3, 58, '2023-03-27 03:45:38', 15, 43),
(3, 18, '2023-03-27 03:45:43', 5, 44),
(3, 78, '2023-03-27 03:48:33', 20, 45),
(4, 2, '2023-03-27 03:50:56', 1, 46),
(4, 42, '2023-03-27 03:51:00', 11, 47),
(4, 74, '2023-03-27 03:51:04', 19, 48),
(4, 78, '2023-03-27 03:51:12', 20, 49),
(4, 51, '2023-03-27 03:51:42', 13, 50),
(4, 9, '2023-03-27 03:51:45', 3, 51),
(4, 37, '2023-03-27 03:51:49', 10, 52),
(5, 2, '2023-03-27 03:51:57', 1, 53),
(5, 74, '2023-03-27 03:52:47', 19, 54),
(5, 54, '2023-03-27 03:54:12', 14, 55),
(5, 26, '2023-03-27 03:54:37', 7, 56),
(5, 23, '2023-03-27 03:54:41', 6, 57),
(5, 5, '2023-03-27 03:54:44', 2, 58),
(5, 68, '2023-03-27 03:54:58', 17, 59),
(6, 4, '2023-03-27 03:55:16', 1, 60),
(6, 9, '2023-03-27 03:55:59', 3, 61),
(6, 26, '2023-03-27 03:56:50', 7, 62),
(6, 74, '2023-03-27 03:57:07', 19, 63),
(6, 59, '2023-03-27 03:57:10', 15, 64),
(6, 68, '2023-03-27 03:57:13', 17, 65),
(6, 6, '2023-03-27 03:57:58', 2, 66),
(6, 55, '2023-03-27 03:58:01', 14, 67),
(6, 42, '2023-03-27 03:58:22', 11, 68),
(6, 71, '2023-03-27 03:58:26', 18, 69),
(6, 33, '2023-03-27 03:58:29', 9, 70),
(6, 50, '2023-03-27 03:58:31', 13, 71),
(6, 24, '2023-03-27 03:58:34', 6, 72),
(6, 30, '2023-03-27 03:59:02', 8, 73),
(6, 19, '2023-03-27 03:59:10', 5, 74),
(6, 46, '2023-03-27 03:59:14', 12, 75),
(7, 2, '2023-03-27 03:59:28', 1, 76),
(7, 11, '2023-03-27 03:59:30', 3, 77),
(7, 22, '2023-03-27 04:00:27', 6, 78),
(7, 43, '2023-03-27 04:00:37', 11, 79),
(7, 7, '2023-03-27 04:00:42', 2, 80),
(7, 46, '2023-03-27 04:01:08', 12, 81),
(7, 74, '2023-03-27 04:01:17', 19, 82),
(7, 18, '2023-03-27 04:01:31', 5, 83),
(7, 39, '2023-03-27 04:01:40', 10, 84),
(7, 27, '2023-03-27 04:01:54', 7, 85),
(7, 62, '2023-03-27 04:02:12', 16, 86),
(7, 70, '2023-03-27 04:02:56', 18, 87),
(7, 54, '2023-03-27 04:03:02', 14, 88),
(7, 30, '2023-03-27 04:03:06', 8, 89),
(7, 50, '2023-03-27 04:04:35', 13, 90),
(7, 59, '2023-03-27 04:04:38', 15, 91),
(7, 78, '2023-03-27 04:04:40', 20, 92),
(7, 35, '2023-03-27 04:04:42', 9, 93),
(7, 66, '2023-03-27 04:04:48', 17, 94),
(7, 15, '2023-03-27 04:04:50', 4, 95),
(8, 2, '2023-03-27 04:07:01', 1, 96),
(8, 69, '2023-03-27 04:07:04', 18, 97),
(8, 6, '2023-03-27 04:07:07', 2, 98),
(8, 34, '2023-03-27 04:07:27', 9, 99),
(9, 2, '2023-03-27 04:07:44', 1, 100),
(9, 7, '2023-03-27 04:07:47', 2, 101),
(9, 51, '2023-03-27 04:07:49', 13, 102),
(9, 14, '2023-03-27 04:07:52', 4, 103),
(9, 79, '2023-03-27 04:07:54', 20, 104),
(9, 38, '2023-03-27 04:09:01', 10, 105),
(9, 26, '2023-03-27 04:09:04', 7, 106),
(9, 11, '2023-03-27 04:09:07', 3, 107),
(9, 66, '2023-03-27 04:09:09', 17, 108),
(9, 43, '2023-03-27 04:09:12', 11, 109),
(9, 22, '2023-03-27 04:09:16', 6, 110),
(9, 55, '2023-03-27 04:09:18', 14, 111),
(9, 74, '2023-03-27 04:09:21', 19, 112),
(9, 63, '2023-03-27 04:09:23', 16, 113),
(9, 70, '2023-03-27 04:09:26', 18, 114),
(9, 34, '2023-03-27 04:09:30', 9, 115),
(9, 18, '2023-03-27 04:09:35', 5, 116),
(9, 47, '2023-03-27 04:09:37', 12, 117),
(9, 30, '2023-03-27 04:09:39', 8, 118),
(9, 59, '2023-03-27 04:09:43', 15, 119),
(10, 2, '2023-03-27 04:10:06', 1, 120),
(10, 7, '2023-03-27 04:10:08', 2, 121),
(10, 33, '2023-03-27 04:10:18', 9, 122),
(10, 37, '2023-03-27 04:10:41', 10, 123),
(10, 72, '2023-03-27 04:11:35', 18, 124),
(10, 50, '2023-03-27 04:14:39', 13, 125),
(10, 58, '2023-03-27 04:15:01', 15, 126),
(10, 47, '2023-03-27 04:15:09', 12, 127),
(10, 42, '2023-03-27 04:16:08', 11, 128),
(10, 18, '2023-03-27 04:17:53', 5, 129),
(10, 26, '2023-03-27 04:18:02', 7, 130),
(10, 10, '2023-03-27 04:18:38', 3, 131),
(10, 30, '2023-03-27 04:18:51', 8, 132),
(10, 14, '2023-03-27 04:19:42', 4, 133),
(10, 74, '2023-03-27 04:19:51', 19, 134),
(10, 54, '2023-03-27 04:20:11', 14, 135),
(10, 23, '2023-03-27 04:20:15', 6, 136),
(10, 66, '2023-03-27 04:20:19', 17, 137),
(10, 79, '2023-03-27 04:20:31', 20, 138),
(10, 62, '2023-03-27 04:21:15', 16, 139),
(11, 2, '2023-03-27 00:58:04', 1, 140),
(11, 26, '2023-03-27 00:58:28', 7, 141),
(11, 39, '2023-03-27 00:58:30', 10, 142),
(11, 15, '2023-03-27 00:58:34', 4, 143),
(11, 64, '2023-03-27 00:58:38', 16, 144),
(11, 70, '2023-03-27 00:58:55', 18, 145),
(12, 2, '2023-03-27 00:59:42', 1, 146),
(12, 74, '2023-03-27 00:59:51', 19, 147),
(12, 66, '2023-03-27 01:01:26', 17, 148),
(12, 46, '2023-03-27 01:01:31', 12, 149),
(12, 42, '2023-03-27 01:03:11', 11, 150),
(12, 55, '2023-03-27 01:03:24', 14, 151),
(12, 35, '2023-03-27 01:03:30', 9, 152),
(12, 39, '2023-03-27 01:03:33', 10, 153),
(12, 50, '2023-03-27 01:03:36', 13, 154),
(12, 26, '2023-03-27 01:05:59', 7, 155),
(12, 70, '2023-03-27 01:06:04', 18, 156),
(12, 63, '2023-03-27 01:06:07', 16, 157),
(12, 79, '2023-03-27 01:06:10', 20, 158),
(12, 58, '2023-03-27 01:06:13', 15, 159),
(12, 30, '2023-03-27 01:06:16', 8, 160),
(12, 18, '2023-03-27 01:06:21', 5, 161),
(12, 10, '2023-03-27 01:06:27', 3, 162),
(12, 23, '2023-03-27 01:06:29', 6, 163),
(12, 15, '2023-03-27 01:06:34', 4, 164),
(12, 7, '2023-03-27 01:06:43', 2, 165),
(25, 2, '2023-03-27 01:59:12', 1, 166),
(25, 38, '2023-03-27 02:00:21', 10, 167),
(25, 54, '2023-03-27 02:00:39', 14, 168),
(25, 62, '2023-03-27 02:00:58', 16, 169),
(25, 14, '2023-03-27 02:01:44', 4, 170),
(25, 18, '2023-03-27 02:02:25', 5, 171),
(25, 31, '2023-03-27 02:02:29', 8, 172),
(25, 66, '2023-03-27 02:02:31', 17, 173),
(25, 78, '2023-03-27 02:02:33', 20, 174),
(25, 50, '2023-03-27 02:02:37', 13, 175),
(26, 2, '2023-03-27 02:02:47', 1, 176),
(26, 74, '2023-03-27 02:02:51', 19, 177),
(26, 50, '2023-03-27 02:02:54', 13, 178),
(26, 22, '2023-03-27 02:02:58', 6, 179),
(26, 78, '2023-03-27 02:03:00', 20, 180),
(26, 26, '2023-03-27 02:03:03', 7, 181),
(26, 58, '2023-03-27 02:03:05', 15, 182),
(26, 6, '2023-03-27 02:03:09', 2, 183),
(26, 38, '2023-03-27 02:03:13', 10, 184),
(26, 15, '2023-03-27 02:03:17', 4, 185),
(27, 2, '2023-03-27 02:04:00', 1, 186),
(27, 6, '2023-03-27 02:04:42', 2, 187),
(27, 42, '2023-03-27 02:04:46', 11, 188),
(27, 26, '2023-03-27 02:05:36', 7, 189),
(27, 46, '2023-03-27 02:05:45', 12, 190),
(27, 34, '2023-03-27 02:05:49', 9, 191),
(27, 10, '2023-03-27 02:05:54', 3, 192),
(27, 62, '2023-03-27 02:05:57', 16, 193),
(27, 18, '2023-03-27 02:06:00', 5, 194),
(27, 75, '2023-03-27 02:06:06', 19, 195),
(28, 2, '2023-03-27 02:06:32', 1, 196),
(28, 66, '2023-03-27 02:07:36', 17, 197),
(28, 10, '2023-03-27 02:07:39', 3, 198),
(28, 6, '2023-03-27 02:07:43', 2, 199),
(28, 34, '2023-03-27 02:07:47', 9, 200),
(28, 74, '2023-03-27 02:07:50', 19, 201),
(28, 70, '2023-03-27 02:07:53', 18, 202),
(28, 39, '2023-03-27 02:07:55', 10, 203),
(28, 58, '2023-03-27 02:07:57', 15, 204),
(28, 15, '2023-03-27 02:08:00', 4, 205),
(29, 2, '2023-03-27 02:09:09', 1, 206),
(29, 6, '2023-03-27 02:09:13', 2, 207),
(29, 50, '2023-03-27 02:09:16', 13, 208),
(29, 59, '2023-03-27 02:09:20', 15, 209),
(29, 34, '2023-03-27 02:09:24', 9, 210),
(29, 55, '2023-03-27 02:09:27', 14, 211),
(29, 30, '2023-03-27 02:09:31', 8, 212),
(29, 42, '2023-03-27 02:09:42', 11, 213),
(29, 63, '2023-03-27 02:09:46', 16, 214),
(29, 46, '2023-03-27 02:09:51', 12, 215),
(30, 2, '2023-03-27 02:10:00', 1, 216),
(30, 14, '2023-03-27 02:10:57', 4, 217),
(30, 54, '2023-03-27 02:11:00', 14, 218),
(30, 71, '2023-03-27 02:11:04', 18, 219),
(30, 34, '2023-03-27 02:11:51', 9, 220),
(33, 2, '2023-03-27 02:13:17', 1, 221),
(33, 79, '2023-03-27 02:13:20', 20, 222),
(33, 46, '2023-03-27 02:13:23', 12, 223),
(33, 62, '2023-03-27 02:13:32', 16, 224),
(33, 22, '2023-03-27 02:13:46', 6, 225),
(34, 2, '2023-03-27 02:13:54', 1, 226),
(34, 15, '2023-03-27 02:14:00', 4, 227),
(34, 10, '2023-03-27 02:14:03', 3, 228),
(34, 34, '2023-03-27 02:17:01', 9, 229),
(35, 2, '2023-03-27 02:17:59', 1, 230),
(35, 6, '2023-03-27 02:18:29', 2, 231),
(35, 39, '2023-03-27 02:19:34', 10, 232),
(35, 79, '2023-03-27 02:19:39', 20, 233),
(36, 2, '2023-03-27 02:21:02', 1, 234),
(36, 66, '2023-03-27 02:22:50', 17, 235),
(37, 2, '2023-03-27 02:36:39', 1, 236),
(37, 6, '2023-03-27 02:37:40', 2, 237),
(37, 74, '2023-03-27 02:38:16', 19, 238),
(37, 18, '2023-03-27 02:39:21', 5, 239),
(38, 2, '2023-03-27 02:39:37', 1, 240),
(38, 14, '2023-03-27 02:43:57', 4, 241),
(38, 26, '2023-03-27 02:44:38', 7, 242),
(38, 70, '2023-03-27 02:44:43', 18, 243),
(38, 42, '2023-03-27 02:45:34', 11, 244),
(39, 2, '2023-03-27 02:46:46', 1, 245),
(40, 2, '2023-03-27 02:49:26', 1, 246),
(41, 2, '2023-03-27 02:53:56', 1, 247),
(42, 2, '2023-03-27 02:59:17', 1, 248),
(42, 47, '2023-03-27 02:59:20', 12, 249),
(42, 76, '2023-03-27 02:59:23', 19, 250),
(42, 42, '2023-03-27 02:59:27', 11, 251),
(42, 62, '2023-03-27 02:59:29', 16, 252),
(42, 7, '2023-03-27 02:59:31', 2, 253),
(42, 17, '2023-03-27 02:59:34', 5, 254),
(42, 66, '2023-03-27 02:59:37', 17, 255),
(42, 79, '2023-03-27 02:59:39', 20, 256),
(42, 14, '2023-03-27 02:59:41', 4, 257),
(43, 2, '2023-03-27 03:28:48', 1, 258),
(43, 14, '2023-03-27 03:28:51', 4, 259),
(43, 31, '2023-03-27 03:28:53', 8, 260),
(43, 54, '2023-03-27 03:28:56', 14, 261),
(43, 23, '2023-03-27 03:28:58', 6, 262),
(43, 74, '2023-03-27 03:29:00', 19, 263),
(43, 11, '2023-03-27 03:29:04', 3, 264),
(43, 58, '2023-03-27 03:29:06', 15, 265),
(43, 35, '2023-03-27 03:29:09', 9, 266),
(43, 71, '2023-03-27 03:29:14', 18, 267),
(44, 2, '2023-03-27 03:31:51', 1, 268),
(44, 46, '2023-03-27 03:31:53', 12, 269),
(44, 70, '2023-03-27 03:31:55', 18, 270),
(44, 50, '2023-03-27 03:31:58', 13, 271),
(44, 54, '2023-03-27 03:32:01', 14, 272),
(44, 26, '2023-03-27 03:32:04', 7, 273),
(44, 18, '2023-03-27 03:32:07', 5, 274),
(44, 42, '2023-03-27 03:32:09', 11, 275),
(44, 62, '2023-03-27 03:32:13', 16, 276),
(44, 79, '2023-03-27 03:32:16', 20, 277),
(45, 2, '2023-03-27 03:33:04', 1, 278),
(45, 19, '2023-03-27 03:33:08', 5, 279),
(45, 54, '2023-03-27 03:33:10', 14, 280),
(45, 47, '2023-03-27 03:33:13', 12, 281),
(45, 14, '2023-03-27 03:33:15', 4, 282),
(45, 79, '2023-03-27 03:33:17', 20, 283),
(45, 51, '2023-03-27 03:33:20', 13, 284),
(45, 38, '2023-03-27 03:33:22', 10, 285),
(45, 71, '2023-03-27 03:33:24', 18, 286),
(45, 58, '2023-03-27 03:33:27', 15, 287),
(47, 2, '2023-03-27 03:34:30', 1, 288),
(47, 6, '2023-03-27 03:34:32', 2, 289),
(47, 26, '2023-03-27 03:34:34', 7, 290),
(47, 18, '2023-03-27 03:34:36', 5, 291),
(47, 38, '2023-03-27 03:34:39', 10, 292),
(47, 50, '2023-03-27 03:34:40', 13, 293),
(47, 22, '2023-03-27 03:34:42', 6, 294),
(47, 34, '2023-03-27 03:34:43', 9, 295),
(47, 54, '2023-03-27 03:34:44', 14, 296),
(48, 2, '2023-03-27 03:36:08', 1, 297),
(48, 54, '2023-03-27 03:36:10', 14, 298),
(48, 34, '2023-03-27 03:36:12', 9, 299),
(48, 14, '2023-03-27 03:36:14', 4, 300),
(48, 22, '2023-03-27 03:36:16', 6, 301),
(48, 42, '2023-03-27 03:36:17', 11, 302),
(48, 58, '2023-03-27 03:36:19', 15, 303),
(48, 38, '2023-03-27 03:36:20', 10, 304),
(48, 6, '2023-03-27 03:36:22', 2, 305),
(48, 78, '2023-03-27 03:36:23', 20, 306),
(50, 2, '2023-03-27 03:37:50', 1, 307),
(50, 66, '2023-03-27 03:37:54', 17, 308),
(51, 2, '2023-03-27 03:38:39', 1, 309),
(52, 2, '2023-03-27 03:38:58', 1, 310),
(52, 54, '2023-03-27 03:39:00', 14, 311),
(54, 2, '2023-03-27 03:40:28', 1, 312),
(54, 58, '2023-03-27 03:40:31', 15, 313),
(54, 62, '2023-03-27 03:40:41', 16, 314),
(54, 70, '2023-03-27 03:40:47', 18, 315),
(55, 2, '2023-03-27 03:43:00', 1, 316),
(55, 58, '2023-03-27 03:43:04', 15, 317),
(55, 14, '2023-03-27 03:43:09', 4, 318),
(56, 2, '2023-03-27 03:43:23', 1, 319),
(56, 26, '2023-03-27 03:43:27', 7, 320),
(57, 2, '2023-03-27 03:44:06', 1, 321),
(57, 50, '2023-03-27 03:44:13', 13, 322),
(58, 2, '2023-03-27 03:44:41', 1, 323),
(59, 2, '2023-03-27 03:44:48', 1, 324),
(61, 2, '2023-03-27 03:45:19', 1, 325),
(61, 66, '2023-03-27 03:45:22', 17, 326),
(62, 2, '2023-03-27 03:47:11', 1, 327),
(62, 50, '2023-03-27 03:47:14', 13, 328),
(63, 2, '2023-03-27 03:47:36', 1, 329),
(63, 18, '2023-03-27 03:47:41', 5, 330),
(66, 2, '2023-03-27 03:53:08', 1, 331),
(66, 78, '2023-03-27 03:53:10', 20, 332),
(67, 2, '2023-03-27 03:57:25', 1, 333),
(67, 47, '2023-03-27 03:57:29', 12, 334),
(68, 2, '2023-03-27 03:59:29', 1, 335),
(68, 70, '2023-03-27 03:59:33', 18, 336),
(70, 2, '2023-03-27 04:00:43', 1, 337),
(70, 18, '2023-03-27 04:00:45', 5, 338),
(71, 2, '2023-03-27 04:00:48', 1, 339),
(72, 2, '2023-03-27 04:01:18', 1, 340),
(72, 63, '2023-03-27 04:01:22', 16, 341),
(73, 2, '2023-03-27 04:01:39', 1, 342),
(73, 78, '2023-03-27 04:01:41', 20, 343),
(74, 2, '2023-03-27 04:04:50', 1, 344),
(74, 42, '2023-03-27 04:04:53', 11, 345),
(75, 2, '2023-03-27 04:06:29', 1, 346),
(75, 42, '2023-03-27 04:06:32', 11, 347),
(76, 2, '2023-03-27 04:06:38', 1, 348),
(76, 10, '2023-03-27 04:06:44', 3, 349),
(77, 2, '2023-03-27 04:07:35', 1, 350),
(77, 66, '2023-03-27 04:07:38', 17, 351),
(78, 2, '2023-03-27 04:08:07', 1, 352),
(78, 30, '2023-03-27 04:08:10', 8, 353),
(79, 2, '2023-03-27 04:08:43', 1, 354),
(79, 74, '2023-03-27 04:08:45', 19, 355),
(80, 2, '2023-03-27 04:09:24', 1, 356),
(80, 50, '2023-03-27 04:09:26', 13, 357),
(81, 2, '2023-03-27 04:09:36', 1, 358),
(82, 2, '2023-03-27 04:09:47', 1, 359),
(82, 74, '2023-03-27 04:09:49', 19, 360),
(83, 2, '2023-03-27 04:09:57', 1, 361),
(83, 38, '2023-03-27 04:09:59', 10, 362),
(84, 2, '2023-03-27 04:10:36', 1, 363),
(84, 46, '2023-03-27 04:10:38', 12, 364),
(85, 2, '2023-03-27 04:10:43', 1, 365),
(85, 34, '2023-03-27 04:10:45', 9, 366),
(86, 2, '2023-03-27 04:11:40', 1, 367),
(86, 74, '2023-03-27 04:11:42', 19, 368),
(86, 18, '2023-03-27 04:11:45', 5, 369),
(86, 14, '2023-03-27 04:11:47', 4, 370),
(86, 50, '2023-03-27 04:11:49', 13, 371),
(86, 42, '2023-03-27 04:11:53', 11, 372),
(86, 6, '2023-03-27 04:11:55', 2, 373),
(86, 54, '2023-03-27 04:11:58', 14, 374),
(86, 66, '2023-03-27 04:12:02', 17, 375),
(86, 46, '2023-03-27 04:12:05', 12, 376),
(87, 2, '2023-03-27 04:12:58', 1, 377),
(87, 50, '2023-03-27 04:13:00', 13, 378),
(87, 66, '2023-03-27 04:13:02', 17, 379),
(87, 78, '2023-03-27 04:13:03', 20, 380),
(87, 58, '2023-03-27 04:13:05', 15, 381),
(87, 26, '2023-03-27 04:13:07', 7, 382),
(87, 22, '2023-03-27 04:13:10', 6, 383),
(87, 42, '2023-03-27 04:13:12', 11, 384),
(87, 34, '2023-03-27 04:13:14', 9, 385),
(87, 38, '2023-03-27 04:13:16', 10, 386),
(88, 2, '2023-03-27 04:13:58', 1, 387),
(88, 18, '2023-03-27 04:14:00', 5, 388),
(88, 42, '2023-03-27 04:14:02', 11, 389),
(88, 26, '2023-03-27 04:14:04', 7, 390),
(88, 10, '2023-03-27 04:14:07', 3, 391),
(88, 70, '2023-03-27 04:14:09', 18, 392),
(88, 38, '2023-03-27 04:14:11', 10, 393),
(88, 22, '2023-03-27 04:14:13', 6, 394),
(88, 78, '2023-03-27 04:14:16', 20, 395),
(88, 14, '2023-03-27 04:14:19', 4, 396),
(89, 2, '2023-03-27 04:21:08', 1, 397),
(89, 34, '2023-03-27 04:21:10', 9, 398),
(89, 22, '2023-03-27 04:21:12', 6, 399),
(89, 62, '2023-03-27 04:21:14', 16, 400),
(89, 58, '2023-03-27 04:21:16', 15, 401),
(89, 74, '2023-03-27 04:21:18', 19, 402),
(89, 66, '2023-03-27 04:21:19', 17, 403),
(89, 30, '2023-03-27 04:21:21', 8, 404),
(89, 50, '2023-03-27 04:21:22', 13, 405),
(89, 10, '2023-03-27 04:21:25', 3, 406),
(90, 2, '2023-03-27 04:22:04', 1, 407),
(90, 66, '2023-03-27 04:22:06', 17, 408),
(90, 34, '2023-03-27 04:22:08', 9, 409),
(90, 78, '2023-03-27 04:22:09', 20, 410),
(90, 30, '2023-03-27 04:22:11', 8, 411),
(90, 54, '2023-03-27 04:22:13', 14, 412),
(90, 22, '2023-03-27 04:22:14', 6, 413),
(90, 42, '2023-03-27 04:22:16', 11, 414),
(90, 70, '2023-03-27 04:22:17', 18, 415),
(90, 58, '2023-03-27 04:22:19', 15, 416);

-- --------------------------------------------------------

--
-- Table structure for table `quiz_questions`
--

CREATE TABLE `quiz_questions` (
  `id` int(11) NOT NULL,
  `isActive` tinyint(1) NOT NULL,
  `question` varchar(200) NOT NULL,
  `remarks` varchar(200) NOT NULL,
  `creationTime` timestamp NOT NULL DEFAULT current_timestamp(),
  `creator_Id` int(11) NOT NULL,
  `imageUrl` varchar(200) DEFAULT NULL
) ENGINE=InnoDB DEFAULT CHARSET=utf8mb4;

--
-- Dumping data for table `quiz_questions`
--

INSERT INTO `quiz_questions` (`id`, `isActive`, `question`, `remarks`, `creationTime`, `creator_Id`, `imageUrl`) VALUES
(1, 1, 'Question-01', '', '2023-03-26 18:18:58', 1, 'includes/images/img.png'),
(2, 1, 'Question-02', '', '2023-03-26 18:18:58', 1, ''),
(3, 1, 'Question-03', '', '2023-03-26 18:18:58', 1, 'includes/images/img.png'),
(4, 1, 'Question-04', '', '2023-03-26 18:18:58', 1, ''),
(5, 1, 'Question-05', '', '2023-03-26 18:18:58', 1, ''),
(6, 1, 'Question-06', '', '2023-03-26 18:18:58', 1, 'includes/images/img.png'),
(7, 1, 'Question-07', '', '2023-03-26 18:18:58', 1, ''),
(8, 1, 'Question-08', '', '2023-03-26 18:18:58', 1, ''),
(9, 1, 'Question-09', '', '2023-03-26 18:18:58', 1, 'includes/images/img.png'),
(10, 1, 'Question-10', '', '2023-03-26 18:18:58', 1, ''),
(11, 1, 'Question-11', '', '2023-03-26 18:18:58', 1, 'includes/images/img.png'),
(12, 1, 'Question-12', '', '2023-03-26 18:18:58', 1, ''),
(13, 1, 'Question-13', '', '2023-03-26 18:18:58', 1, ''),
(14, 1, 'Question-14', '', '2023-03-26 18:18:58', 1, 'includes/images/img.png'),
(15, 1, 'Question-15', '', '2023-03-26 18:18:58', 1, ''),
(16, 1, 'Question-16', '', '2023-03-26 18:18:58', 1, ''),
(17, 1, 'Question-17', '', '2023-03-26 18:18:58', 1, ''),
(18, 1, 'Question-18', '', '2023-03-26 18:18:58', 1, ''),
(19, 1, 'Question-19', '', '2023-03-26 18:18:58', 1, ''),
(20, 1, 'Question-20', '', '2023-03-26 18:18:58', 1, '');

-- --------------------------------------------------------

--
-- Table structure for table `user_details`
--

CREATE TABLE `user_details` (
  `id` int(11) NOT NULL,
  `isActive` tinyint(1) NOT NULL,
  `roleId` tinyint(4) NOT NULL,
  `fullName` varchar(100) NOT NULL,
  `userName` varchar(100) NOT NULL,
  `emailAddress` varchar(200) DEFAULT NULL,
  `mobileNumber` varchar(200) DEFAULT NULL,
  `password` varchar(200) NOT NULL,
  `creationTIme` timestamp NOT NULL DEFAULT current_timestamp()
) ENGINE=InnoDB DEFAULT CHARSET=utf8mb4;

--
-- Dumping data for table `user_details`
--

INSERT INTO `user_details` (`id`, `isActive`, `roleId`, `fullName`, `userName`, `emailAddress`, `mobileNumber`, `password`, `creationTIme`) VALUES
(1, 1, 1, 'Bijay Admin', 'admin1', 'bijay.adhikari.27648@gmail.com', '+977-9865413772', 'admin1', '2023-03-26 13:40:21'),
(2, 1, 2, 'Bijay Student', 'user1', 'bijay.adhikari.27648@gmail.com', '+977-9865413772', 'user1', '0000-00-00 00:00:00');

-- --------------------------------------------------------

--
-- Table structure for table `user_roles`
--

CREATE TABLE `user_roles` (
  `id` int(11) NOT NULL,
  `roleName` varchar(50) NOT NULL
) ENGINE=InnoDB DEFAULT CHARSET=utf8mb4;

--
-- Dumping data for table `user_roles`
--

INSERT INTO `user_roles` (`id`, `roleName`) VALUES
(1, 'Admin'),
(3, 'Student');

--
-- Indexes for dumped tables
--

--
-- Indexes for table `quiz_options`
--
ALTER TABLE `quiz_options`
  ADD PRIMARY KEY (`id`);

--
-- Indexes for table `quiz_played`
--
ALTER TABLE `quiz_played`
  ADD PRIMARY KEY (`id`);

--
-- Indexes for table `quiz_played_answered`
--
ALTER TABLE `quiz_played_answered`
  ADD PRIMARY KEY (`id`);

--
-- Indexes for table `quiz_questions`
--
ALTER TABLE `quiz_questions`
  ADD PRIMARY KEY (`id`);

--
-- Indexes for table `user_details`
--
ALTER TABLE `user_details`
  ADD PRIMARY KEY (`id`),
  ADD UNIQUE KEY `userName` (`userName`);

--
-- Indexes for table `user_roles`
--
ALTER TABLE `user_roles`
  ADD PRIMARY KEY (`id`),
  ADD UNIQUE KEY `roleName` (`roleName`);

--
-- AUTO_INCREMENT for dumped tables
--

--
-- AUTO_INCREMENT for table `quiz_options`
--
ALTER TABLE `quiz_options`
  MODIFY `id` int(11) NOT NULL AUTO_INCREMENT, AUTO_INCREMENT=81;

--
-- AUTO_INCREMENT for table `quiz_played`
--
ALTER TABLE `quiz_played`
  MODIFY `id` int(11) NOT NULL AUTO_INCREMENT, AUTO_INCREMENT=92;

--
-- AUTO_INCREMENT for table `quiz_played_answered`
--
ALTER TABLE `quiz_played_answered`
  MODIFY `id` int(11) NOT NULL AUTO_INCREMENT, AUTO_INCREMENT=417;

--
-- AUTO_INCREMENT for table `quiz_questions`
--
ALTER TABLE `quiz_questions`
  MODIFY `id` int(11) NOT NULL AUTO_INCREMENT, AUTO_INCREMENT=23;

--
-- AUTO_INCREMENT for table `user_details`
--
ALTER TABLE `user_details`
  MODIFY `id` int(11) NOT NULL AUTO_INCREMENT, AUTO_INCREMENT=3;

--
-- AUTO_INCREMENT for table `user_roles`
--
ALTER TABLE `user_roles`
  MODIFY `id` int(11) NOT NULL AUTO_INCREMENT, AUTO_INCREMENT=4;
COMMIT;

/*!40101 SET CHARACTER_SET_CLIENT=@OLD_CHARACTER_SET_CLIENT */;
/*!40101 SET CHARACTER_SET_RESULTS=@OLD_CHARACTER_SET_RESULTS */;
/*!40101 SET COLLATION_CONNECTION=@OLD_COLLATION_CONNECTION */;
